{
    "validation_score": 0.9346153846153846,
    "training_score": 0.9344262295081968,
    "test_score": 0.9699074074074074,
    "parameters": {
        "hidden_layer_sizes": [
            3
        ],
        "activation": "logistic",
        "learning_rate": 0.01,
        "lam": 0.0001,
        "alpha": 0.9,
        "tol": 1e-05,
        "batch_size": 16,
        "shuffle": true,
        "max_iter": 1000
    }
}