{
  "score": 0.950925925925926,
  "std": 0.07554102983100422,
  "loss": 0.07998456545608293,
  "parameters": {
    "hidden_layer_sizes": [
      3
    ],
    "activation": "tanh",
    "learning_rate": 0.01,
    "lam": 0.0,
    "alpha": 0.5,
    "shuffle": true,
    "batch_size": 8,
    "convergence": "early_stopping",
    "patience": 20,
    "max_iter": 2000,
    "limit": 0.07998456545608293
  },
  "loss_curve": [
    0.24603910656245587,
    0.2454976989428207,
    0.244906233811336,
    0.24428758628542085,
    0.24365036183376632,
    0.24300648062105748,
    0.24235385889855043,
    0.24167269417490655,
    0.24097787789432418,
    0.24025364762623466,
    0.23946573365799606,
    0.23862860290873317,
    0.23776349734156982,
    0.236869632326861,
    0.23596484549601632,
    0.23500267438127692,
    0.23397399088647008,
    0.23292557498962688,
    0.23178474373702584,
    0.23057474038322273,
    0.22930734559699076,
    0.2280273555514176,
    0.22664833242179985,
    0.2252507190330084,
    0.22383587041865358,
    0.22234102271380743,
    0.22074731699832448,
    0.219054249519644,
    0.21733673583482094,
    0.2155567952593571,
    0.2137014381036934,
    0.21174137059002285,
    0.20974952427379334,
    0.2076532054060792,
    0.20551636421997277,
    0.20329394829079558,
    0.201075471636238,
    0.19881483415269818,
    0.1964660968807883,
    0.1940618573350419,
    0.19167207970749772,
    0.18927499986064306,
    0.186811428824681,
    0.18425241377994356,
    0.18173380297398628,
    0.1793087251482201,
    0.17671090216919358,
    0.1740906724802263,
    0.17151242013246465,
    0.1689136544129386,
    0.16636282802328878,
    0.16386374264867204,
    0.16142396465647918,
    0.1588607521220829,
    0.15630103149085162,
    0.15384707861769667,
    0.15150048984371867,
    0.14916141249756618,
    0.14674829687147886,
    0.14440045408450633,
    0.14208908402877404,
    0.1398469617148734,
    0.13764199410777714,
    0.13546722581655452,
    0.13332288909127854,
    0.13125151771796553,
    0.12919390784235335,
    0.12719655558537732,
    0.12526196187503766,
    0.12337225477652433,
    0.12151803410397113,
    0.11974515702425392,
    0.11811343332646543,
    0.11639671136612761,
    0.11478211382199506,
    0.11322235411015466,
    0.11179462946204802,
    0.11026374617363967,
    0.10875078611289356,
    0.10735072707367707,
    0.10597531493677953,
    0.10471195224666985,
    0.10343012670483859,
    0.1022527713607405,
    0.10104855861786274,
    0.09993986436981223,
    0.09873708640943751,
    0.09758937419509675,
    0.09648472506190589,
    0.0954525699537637,
    0.09447929969080188,
    0.09348057511267145,
    0.09250587196783838,
    0.09156407111615607,
    0.09065671981297435,
    0.0897459966622551,
    0.08891016452525669,
    0.08812400519565104,
    0.08731475115453342,
    0.08655122425672017,
    0.08580753914967855,
    0.08508133086154435,
    0.08435755123487952,
    0.08368003339402039,
    0.0830064427213494,
    0.08235674947669577,
    0.08172453098086326,
    0.08111971571905277
  ],
  "val_loss_curve": [
    0.24396592193403477,
    0.24335873420953955,
    0.24283173270343994,
    0.24226506441257525,
    0.24168198606346353,
    0.24113675366158618,
    0.240487983143143,
    0.2397195755399801,
    0.23900191024844714,
    0.23831453689427776,
    0.237525145774011,
    0.23663101187710858,
    0.2358173425687232,
    0.2348706267196556,
    0.23395569481595274,
    0.23297412240097048,
    0.2319025461803857,
    0.23079416821616497,
    0.22974503247323674,
    0.22853906991819903,
    0.2272658170833908,
    0.22598962105103107,
    0.22455328793265467,
    0.22323409987174253,
    0.22184018269050082,
    0.22042985024033276,
    0.2187823268228799,
    0.2169312876553016,
    0.21517238227817273,
    0.21339428881933972,
    0.21143105437686918,
    0.20931731003600623,
    0.20725355774675225,
    0.2050286720316488,
    0.20291489848598776,
    0.20066480595900107,
    0.19840212901009585,
    0.1960441890558864,
    0.19349151660224384,
    0.19089974508821955,
    0.18848063709395954,
    0.18612605376414335,
    0.18362907895728567,
    0.18087463282239863,
    0.17832848685902775,
    0.1757685989082917,
    0.17308605975582106,
    0.17030516212706226,
    0.16757176189462447,
    0.16496053160911603,
    0.16246011695476353,
    0.15989124580765915,
    0.15727749846039613,
    0.1545943578097592,
    0.15183503661592507,
    0.1492935394717159,
    0.14698801080644916,
    0.1445058950648286,
    0.1415512245813889,
    0.138875877111494,
    0.13628513591620733,
    0.13382101181739506,
    0.1314725485957604,
    0.1291078714955223,
    0.1269673190874072,
    0.1248198414894403,
    0.12245140286196775,
    0.12024619564736952,
    0.1181426168148599,
    0.11604930827267494,
    0.11429056443105677,
    0.11248585700545527,
    0.11072953051304792,
    0.10866620641311213,
    0.1069534556256435,
    0.10521014038082477,
    0.1033652525632369,
    0.10173695374674196,
    0.10022400990939569,
    0.09879852107597947,
    0.09731601181681375,
    0.09597690646761556,
    0.09435968612992163,
    0.09325179465850446,
    0.0916490714163189,
    0.09029012782108455,
    0.0888097616746779,
    0.08743893308191193,
    0.08600795643106318,
    0.08488110604230084,
    0.0839623164696721,
    0.08257860373061222,
    0.08131278902255433,
    0.08001217300714777,
    0.07896382968765134,
    0.07783291278795809,
    0.0768291651472336,
    0.07611998420285744,
    0.07528037181514266,
    0.07437954807011543,
    0.07344481179320698,
    0.07256660685311218,
    0.07176473805412781,
    0.07105596200774753,
    0.0702363856012394,
    0.06944371844891938,
    0.06862461334332669,
    0.06784975133332755
  ],