{
    "validation_score": 0.9525735294117647,
    "training_score": 0.9230769230769231,
    "test_score": 0.8518518518518519,
    "parameters": {
        "hidden_layer_sizes": [
            3
        ],
        "activation": "tanh",
        "learning_rate": 0.05,
        "lam": 1.0000000000000003e-05,
        "alpha": 0.0,
        "tol": 1e-05,
        "batch_size": 16,
        "shuffle": false,
        "max_iter": 1000
    }
}