{
    "validation_score": 0.6807692307692308,
    "training_score": 0.967741935483871,
    "test_score": 0.9444444444444444,
    "parameters": {
        "hidden_layer_sizes": [
            3
        ],
        "activation": "tanh",
        "learning_rate": 0.028725795867091775,
        "lam": 1.1111111111111112e-05,
        "alpha": 1.2,
        "tol": 1e-05,
        "batch_size": 32,
        "shuffle": true,
        "max_iter": 1000
    }
}