{
    "validation_score": 0.9346153846153846,
    "training_score": 0.9344262295081968,
    "test_score": 0.9722222222222222,
    "parameters": {
        "hidden_layer_sizes": [
            3
        ],
        "activation": "tanh",
        "learning_rate": 0.003,
        "lam": 5e-05,
        "alpha": 0.5,
        "tol": 1e-05,
        "batch_size": 8,
        "shuffle": true,
        "max_iter": 1000
    }
}